Workbook

Sheet Overview
B2: Clinical Document Ingestion Service - Developer Task List
B3: Turns clinical documents (session transcripts first; doctor notes, lab PDFs, imaging reports next) into a patient-scoped, searchable knowledge store (Postgres + pgvector) for a future RAG chat. Only the existing backend calls this service. Stack: .NET 10, ASP.NET controllers, EF Core, Microsoft Agent Framework, SignalR. Work rule: take the first task whose dependencies are all Completed; each task is one red-green TDD cycle at the integration seam.
B8: The two invariants every task must preserve
B9: 1. The AI points, code copies - no generative model ever produces a stored number or word of patient text (ADR-0002/0006).
B10: 2. Nothing is ever partially visible - every ingestion commits atomically; corrections supersede in the same transaction (ADR-0003).
B11: Full reasoning: docs/adr, docs/ingestion-pipeline-design.md, docs/prd.
B13: Status legend
B14: Completed
B15: In Progress
B16: Not Started
B18: Phases
B19: Phase | C19: Tasks | D19: Completed | E19: Remaining
B20: 0 - Foundations | C20: =COUNTIF(Tasks!$B$2:$B$999,B20) -> 2 | D20: =COUNTIFS(Tasks!$B$2:$B$999,B20,Tasks!$G$2:$G$999,"Completed") -> 2 | E20: =C20-D20 -> 0
B21: 1 - Transcript Pipeline | C21: =COUNTIF(Tasks!$B$2:$B$999,B21) -> 11 | D21: =COUNTIFS(Tasks!$B$2:$B$999,B21,Tasks!$G$2:$G$999,"Completed") -> 11 | E21: =C21-D21 -> 0
B22: 2 - Trust & Correctness | C22: =COUNTIF(Tasks!$B$2:$B$999,B22) -> 6 | D22: =COUNTIFS(Tasks!$B$2:$B$999,B22,Tasks!$G$2:$G$999,"Completed") -> 6 | E22: =C22-D22 -> 0
B23: 3 - Security | C23: =COUNTIF(Tasks!$B$2:$B$999,B23) -> 2 | D23: =COUNTIFS(Tasks!$B$2:$B$999,B23,Tasks!$G$2:$G$999,"Completed") -> 2 | E23: =C23-D23 -> 0
B24: 4 - Live Status | C24: =COUNTIF(Tasks!$B$2:$B$999,B24) -> 2 | D24: =COUNTIFS(Tasks!$B$2:$B$999,B24,Tasks!$G$2:$G$999,"Completed") -> 2 | E24: =C24-D24 -> 0
B25: 5 - Patient Record Control | C25: =COUNTIF(Tasks!$B$2:$B$999,B25) -> 3 | D25: =COUNTIFS(Tasks!$B$2:$B$999,B25,Tasks!$G$2:$G$999,"Completed") -> 3 | E25: =C25-D25 -> 0
B26: 6 - More Document Types | C26: =COUNTIF(Tasks!$B$2:$B$999,B26) -> 6 | D26: =COUNTIFS(Tasks!$B$2:$B$999,B26,Tasks!$G$2:$G$999,"Completed") -> 6 | E26: =C26-D26 -> 0
B27: 7 - Production Readiness | C27: =COUNTIF(Tasks!$B$2:$B$999,B27) -> 5 | D27: =COUNTIFS(Tasks!$B$2:$B$999,B27,Tasks!$G$2:$G$999,"Completed") -> 3 | E27: =C27-D27 -> 2
B28: Total | C28: =SUM(C20:C27) -> 37 | D28: =SUM(D20:D27) -> 35 | E28: =SUM(E20:E27) -> 2

Sheet Tasks
A1: ID | B1: Phase | C1: Title | D1: The Task | E1: How it contributes to the bigger picture | F1: Depends On | G1: Status
A2: T01 | B2: 0 - Foundations | C2: Design documentation | D2: All design artifacts exist: glossary (CONTEXT.md), design record, ADRs 0001-0008, PRD. Read the ADRs before implementing any task - they are constraints, not suggestions. | E2: Every task below implements a decision that was argued and recorded in the grill sessions; the docs are the 'why' behind each one. | G2: Completed
A3: T02 | B3: 0 - Foundations | C3: Solution scaffold & test harness | D3: Solution with API + test project. Integration tests host the full service in-process against a real pgvector Postgres (Testcontainers), with scripted fakes for the chat and embedding providers. | E3: Every feature gets proven at the same seam a real client uses - and development needs no Azure account and no shared database. | F3: T01 | G3: Completed
A4: T03 | B4: 1 - Transcript Pipeline | C4: Submit endpoint - POST /ingestions | D4: Accepts a transcript document (doctorId, patientId, sessionId, sequenceNumber, free-text transcript), stores a durable Queued ingestion (raw payload + content hash), enqueues it, responds 202 with the ingestion id. | E4: The durable-first front door: an accepted upload can never be silently lost - the root guarantee everything else builds on. | F4: T02 | G4: Completed
A5: T04 | B5: 1 - Transcript Pipeline | C5: Background worker pipeline | D5: Configurable worker pool (default 4) consumes the queue concurrently; each ingestion runs isolated and any unhandled error is persisted as Failed with its reason. | E5: Many doctors ingest at once, and no failure is ever swallowed - honest status is a product feature, not a nicety. | F5: T03 | G5: Completed
A6: T05 | B6: 1 - Transcript Pipeline | C6: Boundaries-only chunking agent | D6: An Agent Framework agent gets the transcript as numbered lines and returns only chunk boundaries (line ranges), a context blurb per chunk, and a transcript summary. Code assembles chunk text verbatim from the lines. | E6: ADR-0002, the core safety property: the AI can never alter a word of patient dialog. Blurbs and summary buy retrieval accuracy; verbatim assembly buys clinical safety. | F6: T04 | G6: Completed
A7: T06 | B7: 1 - Transcript Pipeline | C7: Batched embedding & atomic store | D7: All chunk texts (blurb + verbatim; summary as its own chunk) embed in batched calls; chunks + Completed status commit in ONE transaction, carrying the shared metadata spine (patient, doctor, document, date, kind, provenance). | E7: ADR-0003: retrieval can never see a half-ingested transcript. The spine is what patient-scoped, cross-document search will filter on forever - designed once, on purpose. | F7: T05 | G7: Completed
A8: T07 | B8: 1 - Transcript Pipeline | C8: Status endpoint - GET /ingestions/{id} | D8: Returns Queued / Processing / Completed / Failed plus the failure reason. | E8: The truth-source clients can always fall back to; the later SignalR events are only hints to look here. | F8: T03 | G8: Completed
A9: T08 | B9: 1 - Transcript Pipeline | C9: Controllers & EF Core | D9: REST surface as documented controllers; EF Core with pgvector mapping; schema bootstrapped from the model. | E9: The codebase reads like any of the team's .NET services - the 'easy for developers to understand' constraint made real. | F9: T03 | G9: Completed
A10: T09 | B10: 1 - Transcript Pipeline | C10: Swagger documentation | D10: Full XML docs surfaced in Swagger UI with typed request/response schemas and per-field descriptions. | E10: The backend team integrates from /swagger without reading source code. | F10: T08 | G10: Completed
A11: T10 | B11: 1 - Transcript Pipeline | C11: Agent instructions from the database | D11: Create an agent_instructions table (agent name -> instructions -> version), seeded from code defaults when missing; load it once at application start into a singleton provider, and build every agent (TranscriptChunker now, future agents later) from it instead of hardcoded strings. Stamp every ingestion with the instruction version and chat model that processed it. | E11: ADR-0008: prompts become operational configuration - tunable with a restart, no redeploy - while code guardrails keep enforcing the output contract. The version stamp means a quality regression can be traced to the prompt that caused it, and only its ingestions selectively re-processed. | F11: T05 | G11: Completed
A12: T11 | B12: 1 - Transcript Pipeline | C12: Chunk-plan validation & corrective retry | D12: Validate the agent's plan before using it: boundaries contiguous, non-overlapping, covering every line. On violation retry once with the violation named in the prompt; a second bad plan marks the ingestion Failed - no fallback chunking, per your explicit decision. | E12: Never trust LLM output blindly. You chose an honest, retriable Failed over silently degraded search - this task is that choice, implemented. | F12: T05 | G12: Completed
A13: T12 | B13: 1 - Transcript Pipeline | C13: Chunk size guardrails | D13: After validation, enforce sizes in code: merge fragments below ~50 tokens into a neighbor, split chunks above ~800 tokens at a line boundary. No LLM involved. | E13: Embedding quality collapses on extreme chunk sizes; this keeps retrieval accuracy stable no matter how the model chunks. | F13: T11 | G13: Completed
A14: T13 | B14: 1 - Transcript Pipeline | C14: Request validation | D14: Reject bad submissions with field-level 400s: unsupported documentType, missing sessionId/sequenceNumber, empty transcript. An invalid request never creates an ingestion row. | E14: A clear contract for the backend team, and garbage never enters the pipeline to fail mysteriously later. | F14: T03 | G14: Completed
... A38: T37 | B38: 7 - Production Readiness | C38: OpenAI provider support | D38: Add plain OpenAI (and OpenAI-compatible endpoints) as a second chat + embedding provider alongside Azure OpenAI, gated purely by configuration (OpenAIChat / OpenAIEmbeddings sections: ApiKey, BaseUrl, Model). Registered after the Unconfigured placeholders and before Azure, so both beat the placeholder and Azure wins last when a seam has both configured. Confirm the Microsoft Agent Framework package set (Microsoft.Agents.AI 1.13.0 + Extensions.AI) matches the consultant-ai service. | E38: Provider choice becomes configuration, not architecture: the same build runs against OpenAI or Azure OpenAI, matching the consultant-ai service's provider parity and easing local/dev use without an Azure account. Stored artifacts stay provider-neutral, so provider lock-in stays shallow. | F38: T33 | G38: Completed

Sheet Known Bugs
A1: ID | B1: Area | C1: Title | D1: Severity | E1: The Problem | F1: Why it matters | G1: Suggested Solution | H1: Status
A2: B01 | B2: Retry / Correction | C2: Retrying a failed ingestion reverts a later correction | D2: High | E2: TryRetryAsync only checked Status == 'Failed'. Where a transcript failed, was corrected, and the corrected version completed, rerunning the original failed ingestion completed over it: SupersedePreviousVersionAsync deleted the newer chunks, wrote the older ones, and marked the correction Superseded. (IngestionStore.cs) | F2: Clinical text silently reverts to a version a doctor had explicitly replaced, and nothing reports an error. The chat would then quote retracted wording as if it were current. | G2: FIXED. A Failed ingestion is now rerunnable only while it is still the most recent word on its document: the requeue UPDATE carries a NOT EXISTS over any Completed ingestion of the same identity with a later CreatedAt, and returns RetryOutcome.Overtaken. The retry endpoint answers 409; re-posting the same content instead falls through and ingests as new work, since that is a deliberate return to it. Ordering matters — 'any completed version exists' would wrongly block retrying a correction that failed over an earlier success. Three tests cover it. | H2: Fixed
A3: B02 | B3: Database / Schema | C3: EnsureCreated never applies schema changes | D3: High | E3: Program.cs calls db.Database.EnsureCreatedAsync(), which builds the schema only when the database does not exist and no-ops otherwise. Attempts, DocumentDate and six indexes were added to the model after early databases were created, so those databases do not have them. | F3: Fresh containers are correct, so the whole test suite is green and the gap is invisible there. Any database predating a model change — a local dev DB, anything already deployed — throws at query time on the missing column. | G3: FIXED. EF Core migrations own the schema: an InitialSchema migration under Ingestions/Migrations, applied by MigrateAsync at startup in place of EnsureCreated, behind a Postgres advisory lock so a rolling deploy cannot have two instances race to apply the same one. EF Core 10 refuses to migrate a model that has drifted from its migrations, so an unscaffolded change now takes the service down at startup with a message naming the fix, instead of silently leaving the database behind. A design-time context factory keeps 'dotnet ef' from having to boot the app. Four tests assert the schema is migration-applied, that no model change is unscaffolded, and that the live columns and vector width match the model. NOTE: the embedding dimension had to become a constant (3072) rather than configuration — the vector(n) width is baked into the migration's DDL and cannot vary per environment. Tests now run at the real dimension instead of 8. Existing databases built by EnsureCreated must be dropped and rebuilt; baselining them would keep the missing columns. | H3: Fixed
A4: B03 | B4: Worker / Scaling | C4: Every instance requeues every unfinished ingestion at startup | D4: Medium | E4: Startup recovery in Program.cs calls FindUnfinishedAsync, which is global, and writes the ids into that instance's own in-memory channel. Two instances therefore queue the same ingestion. TryClaimAsync does not prevent it: instance A claims (attempts 0 to 1) and instance B still matches Attempts < maxAttempts and claims as well. | F4: Two workers process one document concurrently and race to write its chunk set — the very condition the in-flight guard exists to prevent. Harmless on a single instance, and silent on two. | G4: FIXED. Ownership is a per-ingestion Postgres advisory lock, taken on its own connection and held for the whole run: whoever gets it runs the document, everyone else logs and puts it down. Chosen over a lease column because a lease needs a heartbeat while an LLM call is in flight, a timeout, and an answer for when the timeout guesses wrong — and a stolen lease reintroduces the very double-processing it is meant to stop. An advisory lock belongs to the database session, so a killed process releases its claim when the connection drops and crash recovery still works unchanged. Ingestions use the two-key lock space and migrations the single-key space, which Postgres keeps separate, so no ingestion key can collide with the B02 migration lock. Verified red first, and again by deliberately disabling the skip. Residual, tracked as B10: recovery is still startup-only. | H4: Fixed
A5: B04 | B5: Live Status | C5: No Queued event when work is requeued | D5: Low | E5: The Queued stage event is published only on the fresh-submit path in IngestionsController.Submit. The retry endpoint and the retry-via-resubmit path both write to the queue without announcing anything. | F5: A client watching the hub sees a retried document sit motionless until Chunking — the progress bar the stage events exist to drive is wrong at exactly the moment a doctor is watching a recovery. | G5: FIXED. The defect was structural, not two missing calls: queueing and announcing were separate steps, so every path had to remember both. There is now one way in — IngestionQueue.EnqueueAsync announces and enqueues together — and all four call sites use it: fresh submit, retry endpoint, retry-via-resubmit, and startup recovery. IngestionsController no longer holds the channel or the publisher at all. Reruns carry only an ingestion id, so the doctor and patient come from a new GetIdentityAsync reading the record's own columns rather than deserializing the payload and its whole transcript. Startup recovery announces too: after a crash is exactly when someone is watching a bar that will not move. This also closed a latent ordering race — the old code published Queued AFTER writing to the channel, so a worker could announce Chunking before it; EnqueueAsync publishes first. Verified by disabling the publish: exactly the three announcement-dependent tests failed and the two that do not care kept passing. | H5: Fixed
A6: B05 | B6: Domain / Identity | C6: sessionId uniqueness is unconfirmed, and documentId depends on it | D6: High | E6: documentId is sessionId#sequenceNumber and contains no patient. Whether sessionId is globally unique or unique only within a patient has never been confirmed by the backend team. Chunk deletion and supersede are defensively patient-scoped and the content hash covers patientId, so the code as it stands is safe either way. | F6: T25 (DELETE /documents/{documentId}) receives an identifier with no patient in it. If session ids are unique only per patient, that endpoint deletes another patient's clinical data. It cannot be written safely until this is answered. | G6: FIXED by decision: the document key is doctorId + patientId + sessionId + sequenceNumber, and all four are carried in the identifier itself (doctorId#patientId#sessionId#sequenceNumber). The id now answers 'whose document is this?' on its own, so DELETE /documents/{documentId} is safe without knowing whether session ids are globally unique — T25 is unblocked and no longer depends on the answer. Every query that asks whether two submissions are the same document matches on all four: in-flight detection, duplicate detection, the rerun staleness check, supersede, and the patient-list collapse (leave the doctor out of that last one and two doctors' transcripts of a session merge into one row). Stored chunk ids were rewritten by the DocumentIdCarriesDoctorAndPatient migration — a prefix prepend, no parsing. NOTE: putting the doctor in the key means two doctors filing the same patient, session and sequence hold two separate documents and neither supersedes the other — pinned by a test. Right if a session belongs to the doctor who recorded it; wrong if the same encounter can arrive under a different doctor account (locum, colleague re-filing a correction, or an unstable service account), where a correction would become a duplicate. Worth confirming with the backend team. | H6: Fixed
A7: B06 | B7: Security | C7: doctorId and patientId are filters, not access boundaries | D7: Medium | E7: GET /ingestions takes doctorId as a query parameter and GET /patients/{patientId}/documents takes the patient in the path, with nothing tying either to the caller. The API secret authenticates the backend, not a doctor. | F7: Any holder of the shared secret can read any doctor's ingestions or any patient's document list by changing a parameter. That may be precisely the intended trust model — but the parameters read like access control and are not. | G7: DECIDED AND CLOSED: the backend is the trust boundary. This service authenticates its caller and trusts it to decide which doctor may ask for what — already the recorded decision in ADR-0007, so no new ADR was written; a second copy of a decision only invites drift. No authorization was added. What did change is that the code no longer reads like access control when it is not: doctorId on GET /ingestions is documented as a filter with no user identity behind it to check against, and GET /patients/{patientId}/documents gains an optional doctorId filter of its own — needed now that the doctor is part of the document key (B05), because a patient seen by two doctors otherwise returns both doctors' transcripts with no way to narrow. Left optional rather than required: the patient's whole record is a legitimate thing for a trusted backend to ask for, and forcing a scope would narrow the endpoint's meaning. Covered by a test asserting unfiltered returns both doctors, filtered returns one, and an unknown doctor returns none. | H7: Fixed
A8: B07 | B8: Security / Realtime | C8: Status events are broadcast to every connected client | D8: Medium | E8: IngestionStatusPublisher sends on hub.Clients.All, so every event — carrying doctorId and patientId — reaches every connection holding the shared secret. | F8: Correct while there is a single trusted backend consumer, which is today's design. The moment a second consumer connects, each backend sees the other's patient identifiers. | G8: Send to a group keyed by doctorId, with clients joining their own group on connect, so routing is enforced by the hub rather than by the consumer's good behaviour. | H8: Skipped
A9: B08 | B9: Live Status / Contract | C9: Status events carry no documentId | D9: Low | E9: IngestionStatusEvent carries IngestionId, DoctorId, PatientId, Stage, ErrorMessage and OccurredAt — but no documentId, sessionId or sequenceNumber. The resync list (GET /ingestions) has the same gap: IngestionSummary carries the document's parts but not the assembled documentId, so every consumer rebuilds it by hand. | F9: A client wanting to say 'the transcript from Tuesday failed' must call back to map an ingestionId to a document. Cheap to add now; a breaking change once the backend has integrated against it. | G9: FIXED by decision: events now carry documentId and sessionId, and the resync list carries documentId too, so both halves of the gap are closed. PublishAsync was changed to take the whole IngestionIdentity rather than loose ids, which means a caller cannot announce a stage while leaving out what the stage is about — the shape of the call enforces it rather than the discipline of whoever adds the next one. IngestionIdentity gained the document's parts and assembles the id itself, so events, the resync list and the patient document list all name a document identically and no consumer rebuilds the string. Two incidental improvements: the failure path now reads the record's own columns instead of deserializing the stored payload — announcing a failure no longer opens a whole transcript to find two strings — and the resync query materializes before assembling ids, since that is C# no database can run. Verified by setting the id to a wrong value: exactly the three assertions that depend on it failed, and nothing else did. | H9: Fixed
A10: B09 | B10: Domain / Identity | C10: Document identity match treats two null session ids as equal | D10: Low | E10: SupersedePreviousVersionAsync and the retry staleness check compare SessionId and SequenceNumber column-to-column. EF Core rewrites that comparison to include the both-null case, so two documents that each lack a session id would match on DocumentType and PatientId alone. | F10: Cannot fire today: only transcripts exist and they always carry a session id. It becomes real with the first document type that has no session — doctor notes are next — and would then supersede unrelated documents. | G10: FIXED. Document identity is now an explicit per-type expression (DocumentIdentity.For) materialised into the stored document_id column; supersede and the retry staleness check match on document_id, not the raw nullable (SessionId, SequenceNumber) tuple. Folded into T28 (DoctorNote) - the first type without a session - so two session-less documents can no longer match on DocumentType + PatientId alone. No migration. | H10: Fixed
A11: B10 | B11: Worker / Scaling | C11: Orphaned work waits for a restart, because recovery is startup-only | D11: Low | E11: FindUnfinishedAsync runs once, at startup. Now that an instance skips an ingestion another instance owns (B03), a document whose owner dies after the skip is not picked up by the instance that skipped it — it waits until some instance restarts. Every instance also still enumerates every unfinished row at startup and loads it into its own channel, so N instances each do a pass only one of them can use. | F11: Not a regression — recovery was startup-only before — but B03 changed who notices. A doctor's upload can sit unfinished for as long as the fleet stays up, with the progress bar showing Processing and nothing working on it. The wasted startup passes are harmless today and get louder with each replica. | G11: FIXED. Recovery is now IngestionRecoverySweep, a background service whose first pass runs as the host starts — replacing the startup enumeration in Program.cs — and which then re-scans every Ingestion:RecoverySweepInterval (default 5 minutes) for as long as the instance lives. Abandoned is not a guess about elapsed time: an ingestion is being worked on exactly while someone holds its advisory lock, and a lock belongs to a database session, so a process that dies stops holding it immediately and without having to admit anything. Unfinished AND unlocked therefore means abandoned — no lease to expire, no timeout to be wrong about, the same reasoning that chose an advisory lock in B03. The sweep reads pg_locks for granted two-key advisory locks in the current database (the single-key space is the migration lock and is excluded) and requeues every unfinished ingestion it does not find there, through IngestionQueue so the Queued announcement B04 introduced still happens. Every instance can sweep at once: the worst an extra pass costs is a queue entry some worker picks up, fails to lock, and drops. Rows are read before locks deliberately — the other order lets work claimed and released between the two reads look owned and lose a whole interval. NOTE: this is what made B14 reachable in the ordinary course of events rather than as a narrow race, so B14 had to be fixed alongside it. NOTE: the test kills the owning instance by dropping an UNPOOLED connection. Closing a pooled one hands the session back to Npgsql instead of ending it, and the DISCARD ALL that would release its advisory locks is deferred until something reuses the connection — so a pooled 'death' goes on holding the lock and proves nothing. Verified by cutting the sweep back to its first pass only: exactly one test failed, which also confirmed that first pass fully replaces the old startup enumeration. | H11: Fixed
A12: B11 | B12: Chunking / Robustness | C12: A truncated code fence crashes chunk-plan parsing | D12: Medium | E12: StripCodeFences assumes a fenced response is closed. When the model returns an opening fence with no closing one, LastIndexOf("```") finds the opening fence itself, so the slice runs from after the first newline back to index 0 and throws ArgumentOutOfRangeException. Reproduced directly: '```json\n{"chunks":[{"startLine":0' throws "length ('-8') must be a non-negative value". | F12: The throw is an ArgumentOutOfRangeException, which the surrounding catch (JsonException) does not catch — so it escapes RequestChunkPlanAsync and the ONE corrective retry designed for exactly this case never runs. The ingestion fails with a message about a negative length, which tells a doctor nothing and points an engineer at the wrong place. The likely trigger is an answer cut off at the output-token limit, which a long transcript makes more likely, not less. | G12: FIXED. StripCodeFences now removes the opening fence first and looks for a closing one only in what remains, so it can never find the opening fence and slice backwards. A response with no closing fence is handed to the parser whole, fails as unreadable JSON, and reaches the corrective retry the design always intended for a bad answer. The method no longer throws for any input, null included, so the narrow catch (JsonException) was kept rather than widened — a bad answer from the model is expected and handled, a defect in our own code should still be loud. Bonus: a plan whose closing fence the model merely forgot is now read successfully instead of discarded, since nothing but the fence was missing. Three tests: a truncated answer gets its retry and completes; two truncated answers fail naming the model rather than a string index; an unclosed but complete plan is read with no retry at all. Edge cases re-checked separately — fence-only, empty, null, and a ``` sequence inside a JSON string value. | H12: Fixed
... A19: B18 | B19: Concurrency / Correctness | C19: Single-in-flight-per-identity is an app check, not a DB constraint | D19: Medium | E19: Two ingestions of the same document identity must never process at once, or their CompleteWithChunksAsync transactions race to write the chunk set. This is enforced only by the submit-time FindInFlightAsync check (IngestionsController.Submit) - a TOCTOU: two truly-simultaneous duplicate POSTs can both pass it before either creates its row. The per-ingestion advisory lock is keyed by ingestionId, so two different rows for the same identity get different keys and do not exclude each other, and transactions default to READ COMMITTED, so neither commit sees the other's uncommitted chunks. | F19: Under concurrent duplicate submissions both runs can insert, producing duplicate chunk sets for one document - the exact corruption the concurrency guard (T15) exists to prevent, surfacing as the chat quoting the same passage twice. The window is narrow (between FindInFlight and CreateQueued, then both must process and commit overlapping) and ConcurrentSubmissionTests only covers sequential submit-then-submit, so it is untested. Not a regression - pre-existing since T15. | G19: Enforce it in the database rather than by a check: a partial unique index on (document_type, doctor_id, patient_id, session_id, sequence_number) WHERE status IN ('Queued','Processing'), so Postgres rejects the second in-flight row and the duplicate submit translates to the existing 409. Interacts with the retry-via-resubmit path and the recovery sweep, which both re-queue an existing row rather than insert, so the index predicate and those status transitions need checking together - worth a short design pass before implementing, and a decision to flag like B16. | H19: Open
